"","u0","u1","s0","s1","xi0","xi1"
"mle.8$optim$bestmem",530.470609124589,33.9304808519283,3.96618445493756,1.31628135110361,0.755439216092046,-0.333151968505794
