"","u0","u1","s","xi0","xi1"
"mle.6$optim$bestmem",582.052424741645,-99.9999936705092,91.3464886380929,0.392141504006257,0.72386133422496
