"","u","s0","s1","xi0","xi1"
"mle.5$optim$bestmem",543.922931151736,4.05816339272073,1.11042576302849,0.462304694601117,0.421887090978365
