"","u","s","xi0","xi1"
"mle.4$optim$bestmem",552.898512513376,109.107649288615,1.1700040279986,-1.02181795226756
